{"cameraMode":{"drawMode":0,"name":"Shaded","section":"Shading Mode"},"sceneLighting":true,"audioPlay":false,"sceneViewState":{"showFog":true,"showMaterialUpdate":false,"showSkybox":true,"showFlares":true,"showImageEffects":true,"showParticleSystems":true},"in2DMode":false,"pivot":{"x":243.73388671875,"y":9.109651565551758,"z":299.02777099609377},"rotation":{"x":0.010176618583500386,"y":-0.0512467585504055,"z":-0.0005269697867333889,"w":-0.9986405372619629},"size":12.104354858398438,"orthographic":false}